Rank,University,Score
1,HARVARD UNIVERSITY,480
2,UNIVERSITY OF CHICAGO,357
3,STANFORD UNIVERSITY,316
4,"UNIVERSITY OF CALIFORNIA, BERKELEY",286
5,LONDON SCHOOL OF ECONOMICS AND POLITICAL SCIENCE,285
6,UNIVERSITY OF PENNSYLVANIA,275
7,MASSACHUSETTS INSTITUTE OF TECHNOLOGY,273
8,UNIVERSITY OF OXFORD,248
9,NEW YORK UNIVERSITY,241
10,COLUMBIA UNIVERSITY,230
10,YALE UNIVERSITY,230
12,NORTHWESTERN UNIVERSITY,213
13,PRINCETON UNIVERSITY,211
14,DUKE UNIVERSITY,172
14,UNIVERSITY OF MICHIGAN,172
16,UNIVERSITY COLLEGE LONDON,165
17,CORNELL UNIVERSITY,146
17,"UNIVERSITY OF CALIFORNIA, SAN DIEGO",146
19,UNIVERSITY OF TORONTO,144
20,"UNIVERSITY OF CALIFORNIA, LOS ANGELES",140
21,UNIVERSITY OF TOULOUSE / TOULOUSE SCHOOL OF ECONOMICS,126
22,TEXAS A&M UNIVERSITY,125
23,BOCCONI UNIVERSITY,124
23,UNIVERSITY OF MARYLAND,124
25,UNIVERSITY OF BONN,121
25,UNIVERSITY OF ZURICH,121
27,NATIONAL UNIVERSITY OF SINGAPORE,120
28,UNIVERSITY OF MUNICH,116
29,"UNIVERSITY OF MINNESOTA, TWIN CITIES",115
30,BOSTON UNIVERSITY,114
31,TILBURG UNIVERSITY,108
31,UNIVERSITY OF WARWICK,108
33,BARCELONA GRADUATE SCHOOL OF ECONOMICS,107
34,UNIVERSITY OF COLOGNE,106
35,UNIVERSITY OF MANNHEIM,105
36,UNIVERSITY OF AMSTERDAM,103
36,UNIVERSITY OF NOTTINGHAM,103
36,UNIVERSITY OF WISCONSIN,103
39,"UNIVERSITY OF NORTH CAROLINA, CHAPEL HILL",102
40,MONASH UNIVERSITY,98
41,VU UNIVERSITY AMSTERDAM,97
42,"UNIVERSITY OF CALIFORNIA, DAVIS",96
43,UNIVERSITY OF MELBOURNE,95
43,UNIVERSITY OF SOUTHERN CALIFORNIA,95
45,ERASMUS UNIVERSITY ROTTERDAM,92
45,OHIO STATE UNIVERSITY,92
45,POMPEU FABRA UNIVERSITY,92
45,UNIVERSITY OF ESSEX,92
49,INDIANA UNIVERSITY,91
49,UNIVERSITY OF CAMBRIDGE,91
51,MAASTRICHT UNIVERSITY,90
51,PEKING UNIVERSITY,90
51,"UNIVERSITY OF ILLINOIS, URBANA-CHAMPAIGN",90
54,CARNEGIE MELLON UNIVERSITY,89
54,GEORGETOWN UNIVERSITY,89
54,UNIVERSITY OF COPENHAGEN,89
57,SHANGHAI UNIVERSITY OF FINANCE AND ECONOMICS,88
57,UNIVERSITY OF BRITISH COLUMBIA,88
59,UNIVERSITY OF WASHINGTON,87
60,AARHUS UNIVERSITY,86
60,UNIVERSITY OF CARLOS III MADRID,86
60,UNIVERSITY OF NEW SOUTH WALES,86
63,UNIVERSITY OF VIRGINIA,85
64,KATHOLIEKE UNIVERSITEIT LEUVEN,84
65,BROWN UNIVERSITY,81
65,HONG KONG UNIVERSITY OF SCIENCE AND TECHNOLOGY,81
65,JOHNS HOPKINS UNIVERSITY,81
65,STOCKHOLM UNIVERSITY,81
69,BOSTON COLLEGE,79
70,"UNIVERSITY OF TEXAS, AUSTIN",78
71,ARIZONA STATE UNIVERSITY,75
72,UNIVERSITE CATHOLIQUE DE LOUVAIN,73
73,MICHIGAN STATE UNIVERSITY,72
73,PENNSYLVANIA STATE UNIVERSITY,72
75,SINGAPORE MANAGEMENT UNIVERSITY,71
76,TEL AVIV UNIVERSITY,68
76,UNIVERSITY OF VIENNA,68
78,"UNIVERSITY OF CALIFORNIA, IRVINE",66
79,SIMON FRASER UNIVERSITY,64
80,UNIVERSITY OF NOTRE DAME,63
81,TSINGHUA UNIVERSITY,62
81,UNIVERSITY OF LAUSANNE,62
83,AUSTRALIAN NATIONAL UNIVERSITY,61
83,DARTMOUTH COLLEGE,61
83,HEBREW UNIVERSITY OF JERUSALEM,61
83,"UNIVERSITY OF CALIFORNIA, SANTA BARBARA",61
87,PURDUE UNIVERSITY,60
87,UNIVERSITY OF ROCHESTER,60
89,UNIVERSITY OF BOLOGNA,59
90,UNIVERSITY OF BRISTOL,58
90,UNIVERSITY OF PARIS I,58
92,STOCKHOLM SCHOOL OF ECONOMICS,57
93,CALIFORNIA INSTITUTE OF TECHNOLOGY,56
93,WASHINGTON UNIVERSITY,56
95,CITY UNIVERSITY LONDON,55
95,VANDERBILT UNIVERSITY,55
97,UNIVERSITY OF SOUTHAMPTON,54
97,UNIVERSITY OF SYDNEY,54
99,CHAPMAN UNIVERSITY,53
99,HUMBOLDT UNIVERSITY OF BERLIN,53
99,LONDON BUSINESS SCHOOL,53
99,UNIVERSITY OF OSLO,53
99,UNIVERSITY OF YORK,53
104,"QUEEN MARY, UNIVERSITY OF LONDON",52
104,UNIVERSITE LIBRE DE BRUXELLES,52
104,UNIVERSITY OF OREGON,52
104,UNIVERSITY OF PITTSBURGH,52
104,UNIVERSITY OF QUEENSLAND,52
109,AIX MARSEILLE UNIVERSITY,51
109,CHINESE UNIVERSITY OF HONG KONG,51
109,EUROPEAN UNIVERSITY INSTITUTE,51
112,GEORGIA STATE UNIVERSITY,50
112,UNIVERSITY OF MONTREAL,50
114,SOUTHERN METHODIST UNIVERSITY,49
114,"UNIVERSITY OF WISCONSIN, MADISON",49
116,UNIVERSITY AUTONOMA BARCELONA,48
117,UNIVERSITY OF GOTHENBURG,47
117,UNIVERSITY OF TECHNOLOGY SYDNEY,47
119,IMPERIAL COLLEGE LONDON,46
119,UNIVERSITY OF COLORADO,46
121,FLORIDA STATE UNIVERSITY,45
121,"NORWEGIAN SCHOOL OF ECONOMICS, NHH",45
121,UNIVERSITY OF EAST ANGLIA,45
121,UNIVERSITY OF GRONINGEN,45
121,UNIVERSITY OF HONG KONG,45
121,UNIVERSITY OF MANCHESTER,45
121,UNIVERSITY OF ST GALLEN,45
128,UNIVERSITY OF TOKYO,44
128,UPPSALA UNIVERSITY,44
130,UNIVERSITY OF GLASGOW,43
131,LUND UNIVERSITY,42
131,RENMIN UNIVERSITY OF CHINA,42
133,PARIS SCHOOL OF ECONOMICS,41
133,UNIVERSITY OF HOUSTON,41
133,UNIVERSITY OF INNSBRUCK,41
136,EMORY UNIVERSITY,40
136,LANCASTER UNIVERSITY,40
136,UNIVERSITY OF DUSSELDORF,40
139,"CHARLES UNIVERSITY, PRAGUE",39
139,COPENHAGEN BUSINESS SCHOOL,39
139,HEIDELBERG UNIVERSITY,39
139,SEOUL NATIONAL UNIVERSITY,39
139,UNIVERSITY OF EDINBURGH,39
144,UNIVERSITY OF ALABAMA,38
145,UNIVERSITY OF IOWA,37
145,UNIVERSITY OF KONSTANZ,37
145,UNIVERSITY OF LEICESTER,37
148,MCMASTER UNIVERSITY,36
148,RUTGERS STATE UNIVERSITY,36
148,UNIVERSITY OF LONDON,36
148,VIENNA UNIVERSITY OF ECONOMICS AND BUSINESS,36
152,NORTH CAROLINA STATE UNIVERSITY,35
152,SYRACUSE UNIVERSITY,35
152,UNIVERSITY OF GOTTINGEN,35
152,"UNIVERSITY OF TEXAS, DALLAS",35
152,XIAMEN UNIVERSITY,35
157,CAPITAL UNIVERSITY OF ECONOMICS AND BUSINESS,34
157,SHANGHAI JIAO TONG UNIVERSITY,34
157,"UNIVERSITY OF ROME, LA SAPIENZA",34
157,UNIVERSITY OF SURREY,34
161,BEN GURION UNIVERSITY OF THE NEGEV,33
162,ETH ZURICH,32
162,MCGILL UNIVERSITY,32
162,RICE UNIVERSITY,32
162,"SUNY, BINGHAMTON",32
162,UNIVERSITY OF EXETER,32
162,"UNIVERSITY OF MISSOURI, COLUMBIA",32
162,UNIVERSITY OF SOUTHERN DENMARK,32
169,DEAKIN UNIVERSITY,31
169,INSEAD,31
169,LOUISIANA STATE UNIVERSITY,31
169,SOUTHWESTERN UNIVERSITY OF FINANCE AND ECONOMICS,31
169,UNIVERSITY OF BERN,31
169,UNIVERSITY OF GENEVA,31
175,KOREA UNIVERSITY,30
175,UNIVERSITY OF ARKANSAS,30
175,UNIVERSITY OF HAMBURG,30
178,GEORGE MASON UNIVERSITY,29
178,GEORGE WASHINGTON UNIVERSITY,29
178,NANYANG TECHNOLOGICAL UNIVERSITY,29
178,OSAKA UNIVERSITY,29
178,PARIS DAUPHINE UNIVERSITY,29
178,UNIVERSITY OF BERGEN,29
178,UNIVERSITY OF ERLANGEN-NURNBERG,29
178,"UNIVERSITY OF ROME, TOR VERGATA",29
186,CA FOSCARI UNIVERSITY OF VENICE,28
186,TUFTS UNIVERSITY,28
186,UNIVERSITY OF BATH,28
186,"UNIVERSITY OF CALIFORNIA, RIVERSIDE",28
186,UNIVERSITY OF DUISBURG-ESSEN,28
186,UNIVERSITY OF WARSAW,28
192,ATHENS UNIVERSITY OF ECONOMICS AND BUSINESS,27
192,KYOTO UNIVERSITY,27
192,SWISS FEDERAL INSTITUTE OF TECHNOLOGY ZURICH,27
192,UNIVERSITY OF CHILE,27
192,UNIVERSITY OF CONNECTICUT,27
192,UNIVERSITY OF GEORGIA,27
192,UNIVERSITY OF KIEL,27
192,UNIVERSITY OF MIAMI,27
200,CENTRAL EUROPEAN UNIVERSITY,26
200,KEIO UNIVERSITY,26
200,UNIVERSITY OF AUCKLAND,26
200,"UNIVERSITY OF CALIFORNIA, SANTA CRUZ",26
200,UNIVERSITY OF FLORIDA,26
200,UNIVERSITY OF THE ANDES,26
206,DREXEL UNIVERSITY,25
206,FUDAN UNIVERSITY,25
206,NATIONAL TAIWAN UNIVERSITY,25
206,UNIVERSITY LAVAL,25
206,UNIVERSITY OF CERGY PONTOISE,25
206,VIRGINIA POLYTECHNIC INSTITUTE AND STATE UNIVERSITY,25
212,BAR ILAN UNIVERSITY,24
212,CITY UNIVERSITY HONG KONG,24
212,GEORGIA INSTITUTE OF TECHNOLOGY,24
212,HITOTSUBASHI UNIVERSITY,24
212,QUEENS UNIVERSITY,24
212,UNIVERSITY OF ADELAIDE,24
212,UNIVERSITY OF INTERNATIONAL BUSINESS AND ECONOMICS,24
212,UNIVERSITY OF ST ANDREWS,24
212,"UNIVERSITY OF TENNESSEE, KNOXVILLE",24
212,YONSEI UNIVERSITY,24
222,BIELEFELD UNIVERSITY,23
222,"FGV EPGE, RIO DE JANEIRO",23
222,IOWA STATE UNIVERSITY,23
222,UNIVERSITY OF ARIZONA,23
222,UNIVERSITY OF MILAN,23
222,UNIVERSITY OF SOUTH CAROLINA,23
222,UNIVERSITY OF TUBINGEN,23
222,WELLESLEY COLLEGE,23
222,YORK UNIVERSITY,23
231,CONCORDIA UNIVERSITY,22
231,SUNGKYUNKWAN UNIVERSITY,22
231,"SUNY, ALBANY",22
231,"SUNY, STONY BROOK",22
231,THE NEW ECONOMIC SCHOOL,22
231,UNIVERSITY OF BASEL,22
231,UNIVERSITY OF BIRMINGHAM,22
231,UNIVERSITY OF HANNOVER,22
231,UNIVERSITY OF KENT,22
231,UNIVERSITY OF LUXEMBURG,22
241,FREE UNIVERSITY BERLIN,21
241,GHENT UNIVERSITY,21
241,UNIVERSITE FEDERALE TOULOUSE MIDI PYRENEES,21
241,UNIVERSITY COLLEGE DUBLIN,21
241,UNIVERSITY OF ALBERTA,21
241,UNIVERSITY OF ALICANTE,21
241,UNIVERSITY OF CALGARY,21
241,UNIVERSITY OF KENTUCKY,21
241,UNIVERSITY OF MINHO,21
241,UNIVERSITY OF SHEFFIELD,21
241,UNIVERSITY OF WESTERN ONTARIO,21
252,BRIGHAM YOUNG UNIVERSITY,20
252,"FGV EESP , SAO PAULO",20
252,UNIVERSITY OF BAYREUTH,20
252,UNIVERSITY OF GUELPH,20
252,UNIVERSITY OF OTTAWA,20
252,UNIVERSITY OF PADUA,20
252,UNIVERSITY OF TURIN,20
252,WASEDA UNIVERSITY,20
252,ZHEJIANG UNIVERSITY,20
261,COLLEGE CARLO ALBERTO,19
261,DORTMUND UNIVERSITY OF TECHNOLOGY,19
261,GOETHE UNIVERSITY FRANKFURT,19
261,INDIANA UNIVERSITY BLOOMINGTON,19
261,NATIONAL GRADUATE INSTITUTE FOR POLICY STUDIES,19
261,PONTIFICIAL CATHOLIC UNIVERSITY OF CHILE,19
261,QUEENSLAND UNIVERSITY OF TECHNOLOGY,19
261,"ROYAL HOLLOWAY, UNIVERSITY OF LONDON",19
261,UNIVERSITY OF CYPRUS,19
261,UNIVERSITY OF HAIFA,19
261,UNIVERSITY OF MILANO-BICOCCA,19
261,UNIVERSITY OF PARIS II,19
261,UNIVERSITY OF SUSSEX,19
274,AALTO UNIVERSITY,18
274,COLLEGE OF WILLIAM AND MARY,18
274,FORDHAM UNIVERSITY,18
274,INSTITUT NATIONAL DE LA RECHERCHE AGRONOMIQUE,18
274,MONTANA STATE UNIVERSITY,18
274,MUNSTER UNIVERSITY,18
274,SCIENCES PO,18
274,TULANE UNIVERSITY,18
274,"UNIVERSITY OF COLORADO, BOULDER",18
274,UNIVERSITY OF MASSACHUSETTS,18
274,UNIVERSITY OF STRATHCLYDE,18
285,CHINESE ACADEMY OF SCIENCES,17
285,CITY UNIVERSITY OF NEW YORK,17
285,KOC UNIVERSITY,17
285,RYERSON UNIVERSITY,17
285,SANTA CLARA UNIVERSITY,17
285,SOGANG UNIVERSITY,17
285,UNIVERSITY OF BARCELONA,17
285,UNIVERSITY OF DURHAM,17
285,UNIVERSITY OF FRIBOURG,17
285,UNIVERSITY OF REGENSBURG,17
285,UNIVERSITY OF TRENTO,17
296,CARLETON UNIVERSITY,16
296,KANSAS STATE UNIVERSITY,16
296,SABANCI UNIVERSITY,16
296,TEXAS TECHNICAL UNIVERSITY,16
296,UNIVERSITY OF ANTWERP,16
296,UNIVERSITY OF KANSAS,16
296,UNIVERSITY OF MAGDEBURG,16
296,UNIVERSITY OF OKLAHOMA,16
296,UNIVERSITY OF PAVIA,16
305,CATHOLIC UNIVERSITY OF THE SACRED HEART,15
305,JOHANNES KEPLER UNIVERSITY,15
305,LEHIGH UNIVERSITY,15
305,TECHNICAL UNIVERSITY OF KARLSRUHE,15
305,TEMPLE UNIVERSITY,15
305,UNIVERSITY OF LYON,15
305,UNIVERSITY OF NAPLES FEDERICO 2,15
305,UNIVERSITY OF QUEBEC,15
305,UNIVERSITY OF SALERNO,15
305,UNIVERSITY OF SAN ANDRES,15
305,UNIVERSITY OF STAVANGER,15
305,UNIVERSITY OF UTRECHT,15
305,UNIVERSITY OF VERONA,15
318,INSTITUTO TECNOLOGICO AUTONOMO DE MEXICO,14
318,"KINGS COLLEGE, LONDON",14
318,KOBE UNIVERSITY,14
318,LOUGHBOROUGH UNIVERSITY,14
318,NEW UNIVERSITY OF LISBON (NOVA),14
318,NEW YORK UNIVERSITY ABU DHABI,14
318,RUHR UNIVERSITY BOCHUM,14
318,TECHNICAL UNIVERSITY OF BERLIN,14
318,UNIVERSITY OF LIVERPOOL,14
318,UNIVERSITY OF PALERMO,14
318,UNIVERSITY OF SIENA,14
318,UNIVERSITY OF WYOMING,14
330,CLEMSON UNIVERSITY,13
330,MIAMI UNIVERSITY,13
330,NEWCASTLE UNIVERSITY,13
330,OTTO FRIEDRICH UNIVERSITY BAMBERG,13
330,"UNIVERSITY OF CALIFORNIA, SAN DIEGO",13
330,UNIVERSITY OF PORTO,13
330,UNIVERSITY OF RICHMOND,13
330,UNIVERSITY OF VALENCIA,13
338,BRANDEIS UNIVERSITY,12
338,CASE WESTERN RESERVE UNIVERSITY,12
338,COLGATE UNIVERSITY,12
338,GRADUATE INSTITUTE OF INTERNATIONAL AND DEVELOPMENT STUDIES,12
338,JAUME I UNIVERSITY,12
338,NORWEGIAN UNIVERSITY OF SCIENCE AND TECHNOLOGY,12
338,OKLAHOMA STATE UNIVERSITY,12
338,PONTIFICAL CATHOLIC UNIVERSITY OF RIO DE JANEIRO,12
338,"SUNY, BUFFALO",12
338,UNIVERSITY OF CAPE TOWN,12
338,UNIVERSITY OF HOHENHEIM,12
338,UNIVERSITY OF LEEDS,12
338,UNIVERSITY OF LUGANO,12
338,"UNIVERSITY OF QUEBEC, MONTREAL",12
338,UNIVERSITY OF READING,12
338,UNIVERSITY OF RENNES 1,12
338,UNIVERSITY OF STIRLING,12
355,CARDIFF UNIVERSITY,11
355,KOREA ADVANCED INSTITUTE OF SCIENCE TECHNOLOGY,11
355,PABLO OLAVIDE UNIVERSITY,11
355,SHANDONG UNIVERSITY,11
355,TECHNION ISRAEL,11
355,TRINITY COLLEGE DUBLIN,11
355,UNIVERSITY OF AUGSBURG,11
355,UNIVERSITY OF MACAU,11
355,UNIVERSITY OF MODENA,11
355,UNIVERSITY OF NAVARRA,11
355,UNIVERSITY OF OTAGO,11
355,UNIVERSITY OF PASSAU,11
355,UNIVERSITY OF TRIER,11
355,UNIVERSITY OF UTAH,11
355,UNIVERSITY OF WAIKATO,11
355,UNIVERSITY OF WATERLOO,11
355,UTAH STATE UNIVERSITY,11
355,YESHIVA UNIVERSITY,11
373,AUBURN UNIVERSITY,10
373,BRUNEL UNIVERSITY,10
373,CATHOLIC UNIVERSITY OF PORTUGAL,10
373,EUROPEAN UNIVERSITY VIADRINA,10
373,HEC PARIS,10
373,LIBERA UNIVERSITA GUIDO CARLI,10
373,NATIONAL CHENGCHI UNIVERSITY,10
373,SUN YAT-SEN (ZHONGSHAN) UNIVERSITY,10
373,TORCUATO DI TELLA UNIVERSITY,10
373,UNIVERSITY OF ABERDEEN,10
373,UNIVERSITY OF CANTERBURY,10
373,UNIVERSITY OF CHICAGO BOOTH SCHOOL OF BUSINESS,10
373,UNIVERSITY OF GRANADA,10
373,UNIVERSITY OF HAWAII,10
373,UNIVERSITY OF MACEDONIA,10
373,UNIVERSITY OF MEMPHIS,10
373,UNIVERSITY OF NAMUR,10
373,UNIVERSITY OF NANTES,10
373,UNIVERSITY OF SASSARI,10
373,UNIVERSITY OF ULM,10
373,UNIVERSITY OF WESTERN AUSTRALIA,10
373,UNIVERSITY OF WURZBURG,10
373,UNIVERSITY POLITECNICA MARCHE,10
373,WAGENINGEN UNIVERSITY,10
397,BOGAZICI UNIVERSITY,9
397,HANYANG UNIVERSITY,9
397,HELMUT SCHMIDT UNIVERSITY,9
397,INDIANA UNIVERSITY-PURDUE UNIVERSITY INDIANAPOLIS,9
397,LINGNAN UNIVERSITY,9
397,MIDDLESEX UNIVERSITY,9
397,NANKAI UNIVERSITY,9
397,"NORWEGIAN BUSINESS SCHOOL, BI",9
397,RWTH AACHEN UNIVERSITY,9
397,SWISS FEDERAL INSTITUTE OF TECHNOLOGY LAUSANNE,9
397,UMEA UNIVERSITY,9
397,UNIVERSITY COMPLUTENSE MADRID,9
397,UNIVERSITY OF BASQUE COUNTRY,9
397,UNIVERSITY OF DELAWARE,9
397,UNIVERSITY OF FREIBURG,9
397,UNIVERSITY OF HULL,9
397,"UNIVERSITY OF NEBRASKA, LINCOLN",9
397,UNIVERSITY OF PRETORIA,9
397,UNIVERSITY OF SAO PAULO,9
397,VIENNA UNIVERSITY OF TECHNOLOGY,9
397,VILLANOVA UNIVERSITY,9
397,WASHINGTON STATE UNIVERSITY,9
397,WHU OTTO BEISHEIM SCHOOL OF MANAGEMENT,9
420,ASTON UNIVERSITY,8
420,BILKENT UNIVERSITY,8
420,CATHOLIC UNIVERSITY OF MILAN,8
420,"CUNY, BARUCH COLLEGE",8
420,FLORIDA INTERNATIONAL UNIVERSITY,8
420,FREE UNIVERSITY BRUSSELS,8
420,IFAU INSTITUTE FOR EVALUATION OF LABOUR MARKET AND EDUCATION POLICY,8
420,KENT STATE UNIVERSITY,8
420,KYUNG HEE UNIVERSITY,8
420,NATIONAL SUN YAT SEN UNIVERSITY,8
420,NATIONAL UNIVERSITY OF LA PLATA,8
420,OREGON STATE UNIVERSITY,8
420,RADBOUD UNIVERSITY NIJMEGEN,8
420,SAINT LOUIS UNIVERSITY,8
420,SAN DIEGO STATE UNIVERSITY,8
420,SWANSEA UNIVERSITY,8
420,SWARTHMORE COLLEGE,8
420,UNIVERSITY OF CALABRIA,8
420,"UNIVERSITY OF CALIFORNIA, MERCED",8
420,"UNIVERSITY OF COLORADO, DENVER",8
420,UNIVERSITY OF KLAGENFURT,8
420,UNIVERSITY OF LISBON,8
420,UNIVERSITY OF MAINZ,8
420,UNIVERSITY OF MARBURG,8
420,UNIVERSITY OF MISSISSIPPI,8
420,UNIVERSITY OF PADERBORN,8
420,UNIVERSITY OF PARIS X,8
420,UNIVERSITY OF PARIS XII,8
420,UNIVERSITY OF POTSDAM,8
420,"UNIVERSITY OF WISCONSIN, MILWAUKEE",8
420,UNIVERSITY OF WOLLONGONG,8
420,UNIVERSITY OF ZARAGOZA,8
420,WEST VIRGINIA UNIVERSITY,8
453,BANGOR UNIVERSITY,7
453,BAYLOR UNIVERSITY,7
453,CALIFORNIA POLYTECHNIC STATE UNIVERSITY,7
453,CHUNG ANG UNIVERSITY,7
453,"CUNY, QUEENS COLLEGE",7
453,DALHOUSIE UNIVERSITY,7
453,DEL ROSARIO UNIVERSITY,7
453,DIEGO PORTALES UNIVERSITY,7
453,EUROPEAN SCHOOL OF MANAGEMENT AND TECHNOLOGY,7
453,EWHA WOMANS UNIVERSITY,7
453,HARVARD KENNEDY SCHOOL,7
453,HONG KONG BAPTIST UNIVERSITY,7
453,INSPER,7
453,LA TROBE UNIVERSITY,7
453,NANJING UNIVERSITY,7
453,NORTHEASTERN UNIVERSITY,7
453,RMIT UNIVERSITY,7
453,TECHNICAL UNIVERSITY OF DENMARK,7
453,UNIVERSITY AUTONOMA MADRID,7
453,UNIVERSITY OF CENTRAL FLORIDA,7
453,UNIVERSITY OF FLORENCE,7
453,UNIVERSITY OF HELSINKI,7
453,UNIVERSITY OF JENA,7
453,UNIVERSITY OF LEIPZIG,7
453,UNIVERSITY OF LOUISVILLE,7
453,UNIVERSITY OF LUCERNE,7
453,UNIVERSITY OF MAINE,7
453,UNIVERSITY OF MONTEVIDEO,7
453,UNIVERSITY OF MURCIA,7
453,UNIVERSITY OF PARTHENOPE,7
453,UNIVERSITY OF PIRAEUS,7
453,"UNIVERSITY OF TEXAS, ARLINGTON",7
453,"UNIVERSITY OF TEXAS, SAN ANTONIO",7
453,VIRGINIA COMMONWEALTH UNIVERSITY,7
453,WAKE FOREST UNIVERSITY,7
453,WILFRID LAURIER UNIVERSITY,7
453,WUHAN UNIVERSITY,7
490,AMHERST COLLEGE,6
490,BEIHANG UNIVERSITY,6
490,BEIJING JIAOTONG UNIVERSITY,6
490,CURTIN UNIVERSITY OF TECHNOLOGY,6
490,HANKUK UNIVERSITY FOREIGN STUDIES,6
490,"INSTITUTE FOR ECONOMIC ANALYSIS, BARCELONA",6
490,LOYOLA MARYMOUNT UNIVERSITY,6
490,NATIONAL RESEARCH UNIVERSITY HIGHER SCHOOL OF ECONOMICS,6
490,OZYEGIN UNIVERSITY,6
490,PRES UNIVERSITE LILLE NORD DE FRANCE,6
490,PUBLIC UNIVERSITY OF NAVARRA,6
490,QUEENS UNIVERSITY BELFAST,6
490,SOUTHERN ILLINOIS UNIVERSITY,6
490,TECHNICAL UNIVERSITY OF DRESDEN,6
490,TECHNICAL UNIVERSITY OF MUNICH,6
490,UNIVERSITY OF AUVERGNE,6
490,UNIVERSITY OF BREMEN,6
490,UNIVERSITY OF GRAZ,6
490,UNIVERSITY OF IDAHO,6
490,UNIVERSITY OF LIEGE,6
490,UNIVERSITY OF MALAGA,6
490,UNIVERSITY OF MANITOBA,6
490,UNIVERSITY OF PARIS XI,6
490,"UNIVERSITY OF ROME, TRE",6
490,UNIVERSITY OF ROSTOCK,6
490,UNIVERSITY OF ROVIRA I VIRGILI,6
490,UNIVERSITY OF SOUTH FLORIDA,6
490,UNIVERSITY OF TSUKUBA,6
490,UNIVERSITY OF WUPPERTAL,6
490,VICTORIA UNIVERSITY OF WELLINGTON,6
520,ADOLFO IBANEZ UNIVERSITY,5
520,APPALACHIAN STATE UNIVERSITY,5
520,BATES COLLEGE,5
520,"BIRKBECK COLLEGE, UNIVERSITY OF LONDON",5
520,"CALIFORNIA STATE UNIVERSITY, CHANNEL ISLANDS",5
520,"CALIFORNIA STATE UNIVERSITY, FULLERTON",5
520,CARL VON OSSIETZKY UNIVERSITY OLDENBURG,5
520,CLAREMONT GRADUATE UNIVERSITY,5
520,CLARKSON UNIVERSITY,5
520,COLLEGE OF THE HOLY CROSS,5
520,"CUNY, HUNTER COLLEGE",5
520,DELFT UNIVERSITY OF TECHNOLOGY,5
520,EAST CAROLINA UNIVERSITY,5
520,"ECOLE NORMALE SUPERIEURE, PARIS",5
520,FLORIDA ATLANTIC UNIVERSITY,5
520,HERIOT-WATT UNIVERSITY,5
520,HIROSHIMA UNIVERSITY,5
520,HONG KONG POLYTECH UNIVERSITY,5
520,ISTANBUL BILGI UNIVERSITY,5
520,KANSAI UNIVERSITY,5
520,KIEL INSTITUTE FOR THE WORLD ECONOMY,5
520,KOOKMIN UNIVERSITY,5
520,KTH ROYAL INSTITUTE OF TECHNOLOGY,5
520,LINNAEUS UNIVERSITY,5
520,MACQUARIE UNIVERSITY,5
520,MIDDLE EAST TECHNICAL UNIVERSITY,5
520,NIHON UNIVERSITY,5
520,NORWEGIAN UNIVERSITY OF LIFE SCIENCES,5
520,NOVOSIBIRSK STATE UNIVERSITY,5
520,OPEN UNIVERSITY ISRAEL,5
520,PORTLAND STATE UNIVERSITY,5
520,SAINT PETERSBURG STATE UNIVERSITY,5
520,TEXAS CHRISTIAN UNIVERSITY,5
520,TOHOKU UNIVERSITY,5
520,TRINITY UNIVERSITY,5
520,UNITED NATIONS UNIVERSITY WIDER,5
520,UNIVERSITY OF APPLIED SCIENCES MAINZ,5
520,UNIVERSITY OF BRESCIA,5
520,UNIVERSITY OF DELHI,5
520,UNIVERSITY OF EVRY,5
520,UNIVERSITY OF LILLE 3,5
520,UNIVERSITY OF MESSINA,5
520,UNIVERSITY OF NORTH DAKOTA,5
520,UNIVERSITY OF PISA,5
520,UNIVERSITY OF PORTSMOUTH,5
520,UNIVERSITY OF ROUEN,5
520,UNIVERSITY OF SAARLAND,5
520,UNIVERSITY OF STRASBOURG,5
520,UNIVERSITY OF TASMANIA,5
520,UNIVERSITY OF VIGO,5
520,UNIVERSITY OF WESTERN SYDNEY,5
520,UNIVERSITY OF ZIELONA GORA,5
572,ACADEMY OF SCIENCES OF THE CZECH REPUBLIC,4
572,AMERICAN UNIVERSITY CAIRO,4
572,AMERICAN UNIVERSITY SHARJAH,4
572,BEIJING NORMAL UNIVERSITY,4
572,BOWDOIN COLLEGE,4
572,CENTRAL UNIVERSITY OF FINANCE AND ECONOMICS,4
572,CHIBA UNIVERSITY,4
572,CLEVELAND STATE UNIVERSITY,4
572,COLORADO STATE UNIVERSITY,4
572,ECOLE DES PONTS PARISTECH,4
572,EOTVOS LORAND UNIVERSITY,4
572,FENG CHIA UNIVERSITY,4
572,FRIEDRICH-ALEXANDER UNIVERSITY ERLANGEN-NURNBERG,4
572,HENAN UNIVERSITY,4
572,HOSEI UNIVERSITY,4
572,HUAZHONG UNIVERSITY OF SCIENCE AND TECHNOLOGY,4
572,JEAN MONNET UNIVERSITY,4
572,KYIV ECONOMICS INSTITUTE,4
572,LEUPHANA UNIVERSITY LUNEBURG,4
572,MARQUETTE UNIVERSITY,4
572,MASSEY UNIVERSITY,4
572,NAGOYA UNIVERSITY,4
572,NATIONAL CHUNG CHENG UNIVERSITY,4
572,NATIONAL TAIPEI UNIVERSITY,4
572,PEPPERDINE UNIVERSITY,4
572,RITSUMEIKAN UNIVERSITY,4
572,SOOCHOW UNIVERSITY,4
572,SOPHIA UNIVERSITY,4
572,ST CLOUD STATE UNIVERSITY,4
572,ST LAWRENCE UNIVERSITY,4
572,STANFORD GRADUATE SCHOOL OF BUSINESS,4
572,TECHNICAL UNIVERSITY OF DARMSTADT,4
572,TOKYO METROPOLITAN UNIVERSITY,4
572,TONGJI UNIVERSITY,4
572,TOWSON UNIVERSITY,4
572,"UNIVERSITY OF ALASKA, ANCHORAGE",4
572,UNIVERSITY OF BARI,4
572,UNIVERSITY OF BASILICATA,4
572,UNIVERSITY OF CAGLIARI,4
572,UNIVERSITY OF EVORA,4
572,UNIVERSITY OF FRANCHE-COMTE,4
572,UNIVERSITY OF GIRONA,4
572,UNIVERSITY OF GRENOBLE ALPES,4
572,UNIVERSITY OF HAGEN,4
572,UNIVERSITY OF ICELAND,4
572,UNIVERSITY OF KAISERSLAUTERN,4
572,UNIVERSITY OF LETHBRIDGE,4
572,UNIVERSITY OF LILLE 1,4
572,"UNIVERSITY OF MARYLAND, BALTIMORE COUNTY",4
572,UNIVERSITY OF NEWCASTLE,4
572,UNIVERSITY OF NICE,4
572,UNIVERSITY OF PARIS VII,4
572,UNIVERSITY OF PERUGIA,4
572,UNIVERSITY OF SHERBROOKE,4
572,UNIVERSITY OF SIEGEN,4
572,UNIVERSITY OF VICTORIA,4
572,UNIVERSITY OF WITWATERSRAND,4
572,WAYNE STATE UNIVERSITY,4
572,YOKOHAMA NATIONAL UNIVERSITY,4
631,AOYAMA GAKUIN UNIVERSITY,3
631,"CALIFORNIA STATE UNIVERSITY, EAST BAY",3
631,CANTERBURY CHRIST CHURCH UNIVERSITY,3
631,CHINESE CULTURE UNIVERSITY,3
631,CHONGQING UNIVERSITY,3
631,CHUO UNIVERSITY,3
631,DOSHISHA UNIVERSITY,3
631,DUBLIN CITY UNIVERSITY,3
631,EAFIT UNIVERSITY,3
631,ESADE BUSINESS SCHOOL,3
631,ETH ZURICH,3
631,FEDERAL UNIVERSITY OF SANTA CATARINA,3
631,HAMILTON COLLEGE,3
631,HOKKAIDO UNIVERSITY,3
631,HUNAN UNIVERSITY,3
631,JINAN UNIVERSITY,3
631,KELLOGG SCHOOL OF MANAGEMENT,3
631,KWANSEI GAKUIN UNIVERSITY,3
631,LAFAYETTE COLLEGE,3
631,LEIDEN UNIVERSITY,3
631,LOYOLA UNIVERSITY CHICAGO,3
631,LOYOLA UNIVERSITY MARYLAND,3
631,MARCHE POLYTECHNIC UNIVERSITY,3
631,MISSISSIPPI STATE UNIVERSITY,3
631,NAGOYA CITY UNIVERSITY,3
631,NATIONAL CENTRAL UNIVERSITY,3
631,NATIONAL UNIVERSITY MONGOLIA,3
631,NATIONAL UNIVERSITY OF KAOHSIUNG,3
631,NEW SCHOOL UNIVERSITY,3
631,NEW YORK UNIVERSITY STERN,3
631,NORTHEASTERN ILLINOIS UNIVERSITY,3
631,RHODES COLLEGE,3
631,SHINSHU UNIVERSITY,3
631,SWEDISH UNIVERSITY OF AGRICULTURAL SCIENCES,3
631,TEXAS STATE UNIVERSITY,3
631,TOKYO INSTITUTE OF TECHNOLOGY,3
631,TRENT UNIVERSITY,3
631,UNIVERSITY LA CORUNA,3
631,UNIVERSITY NACIONAL SAN LUIS,3
631,UNIVERSITY OF AIZU,3
631,UNIVERSITY OF ATHENS,3
631,UNIVERSITY OF BERGAMO,3
631,UNIVERSITY OF BRASILIA,3
631,"UNIVERSITY OF CALIFORNIA, SAN FRANCISCO",3
631,UNIVERSITY OF CLAUDE BERNARD LYON 1,3
631,UNIVERSITY OF COIMBRA,3
631,UNIVERSITY OF CRETE,3
631,UNIVERSITY OF DUNDEE,3
631,UNIVERSITY OF ECONOMICS PRAGUE,3
631,UNIVERSITY OF GENOA,3
631,UNIVERSITY OF GIESSEN,3
631,UNIVERSITY OF HALLE WITTENBERG,3
631,UNIVERSITY OF JYVASKYLA,3
631,UNIVERSITY OF KASSEL,3
631,UNIVERSITY OF LJUBLJANA,3
631,UNIVERSITY OF LUMIERE LYON II,3
631,"UNIVERSITY OF MASSACHUSETTS, AMHERST",3
631,"UNIVERSITY OF MASSACHUSETTS, LOWELL",3
631,UNIVERSITY OF MONTPELLIER 1,3
631,"UNIVERSITY OF NEBRASKA, OMAHA",3
631,UNIVERSITY OF NEUCHATEL,3
631,UNIVERSITY OF ORLEANS,3
631,UNIVERSITY OF PARIS IV,3
631,UNIVERSITY OF PARIS VI,3
631,UNIVERSITY OF PARMA,3
631,UNIVERSITY OF SAINT ETIENNE,3
631,UNIVERSITY OF SAN DIEGO,3
631,UNIVERSITY OF SAN FRANCISCO,3
631,UNIVERSITY OF SEOUL,3
631,UNIVERSITY OF SOUTH AUSTRALIA,3
631,UNIVERSITY OF SOUTH DAKOTA,3
631,UNIVERSITY OF TAMPERE,3
631,UNIVERSITY OF THE BALEARIC ISLANDS,3
631,UNIVERSITY OF THE SUNSHINE COAST,3
631,UNIVERSITY OF THESSALY,3
631,UNIVERSITY OF TURKU,3
631,UNIVERSITY OF URBINO CARLO BO,3
631,UNIVERSITY OF WESTMINSTER,3
631,UNIVERSITY OF WINDSOR,3
631,UNIVERSITY OF WINNIPEG,3
631,WEBER STATE UNIVERSITY,3
631,WESTERN ILLINOIS UNIVERSITY,3
631,WHEATON COLLEGE,3
631,XAVIER UNIVERSITY,3
631,YEUNGNAM UNIVERSITY,3
631,ZHEJIANG GONGSHANG UNIVERSITY,3
631,ZHONGNAN UNIVERSITY OF ECONOMICS AND LAW,3
718,ACADEMIC COLLEGE OF TEL AVIV YAFFO,2
718,AGRICULTURAL UNIVERSITY OF ATHENS,2
718,ALBERTO HURTADO UNIVERSITY,2
718,ARIEL UNIVERSITY SAMARIA,2
718,ARISTOTLE UNIVERSITY THESSALONIKI,2
718,BEIJING INSTITUTE OF TECHNOLOGY,2
718,BENTLEY UNIVERSITY,2
718,BEREA COLLEGE,2
718,BROCK UNIVERSITY,2
718,CATHOLIC UNIVERSITY OF THE NORTH,2
718,CENTRAL MICHIGAN UNIVERSITY,2
718,CHALMERS UNIVERSITY OF TECHNOLOGY,2
718,CHUKYO UNIVERSITY,2
718,CLARK UNIVERSITY,2
718,COLLEGE OF CHARLESTON,2
718,COLLEGE OF MANAGEMENT ACADEMIC STUDIES,2
718,COLORADO SCHOOL OF MINES,2
718,CORVINUS UNIVERSITY BUDAPEST,2
718,CRACOW UNIVERSITY OF ECONOMICS,2
718,CYPRUS UNIVERSITY OF TECHNOLOGY,2
718,DEMOCRITUS UNIVERSITY OF THRACE,2
718,DEPAUL UNIVERSITY,2
718,EASTERN MICHIGAN UNIVERSITY,2
718,EBS BUSINESS SCHOOL,2
718,"ECOLE NORMALE SUPERIEURE, LYON",2
718,ELON UNIVERSITY,2
718,ESCP EUROPE BUSINESS SCHOOL,2
718,FEDERAL UNIVERSITY OF PARAIBA,2
718,FEDERAL UNIVERSITY OF PERNAMBUCO,2
718,FRANKLIN AND MARSHALL COLLEGE,2
718,FREE UNIVERSITY OF BOZEN-BOLZANO,2
718,FU JEN CATHOLIC UNIVERSITY,2
718,FUKUOKA UNIVERSITY,2
718,GACHON UNIVERSITY,2
718,GAKUSHUIN UNIVERSITY,2
718,GEORGIA SOUTHERN UNIVERSITY,2
718,GRAND VALLEY STATE UNIVERSITY,2
718,GRIFFITH UNIVERSITY,2
718,HANNAN UNIVERSITY,2
718,HOFSTRA UNIVERSITY,2
718,HOWARD UNIVERSITY,2
718,IE UNIVERSITY,2
718,INHA UNIVERSITY,2
718,INSTITUTO UNIVERSITARIO DE LISBOA,2
718,INTERDISCIPLINARY CENTER HERZLIYA,2
718,JAMES MADISON UNIVERSITY,2
718,JAWAHARLAL NEHRU UNIVERSITY,2
718,JIANGXI UNIVERSITY OF FINANCE & ECONOMICS,2
718,KEELE UNIVERSITY,2
718,KONAN UNIVERSITY,2
718,KYUSHU UNIVERSITY,2
718,LIBERA UNIVERSITA MARIA SS ASSUNTA,2
718,LINDENWOOD UNIVERSITY,2
718,LINKOPING UNIVERSITY,2
718,LUISS GUIDO CARLI UNIVERSITY,2
718,MAHIDOL UNIVERSITY,2
718,MEIJI UNIVERSITY,2
718,MIDDLE TENNESSEE STATE UNIVERSITY,2
718,MISSISSIPPI UNIVERSITY FOR WOMEN,2
718,MOUNT HOLYOKE COLLEGE,2
718,MURDOCH UNIVERSITY,2
718,NANJING UNIVERSITY OF FINANCE AND ECONOMICS,2
718,NANJING UNIVERSITY OF SCIENCE AND TECHNOLOGY,2
718,NATIONAL TSING HUA UNIVERSITY,2
718,"NATIONAL UNIVERSITY OF IRELAND, GALWAY",2
718,NORTHWEST UNIVERSITY XIAN,2
718,OHIO UNIVERSITY,2
718,OKAN UNIVERSITY,2
718,OSAKA PREFECTURE UNIVERSITY,2
718,POLITECHNIC UNIVERSITY OF TURIN,2
718,QINGHAI NORMAL UNIVERSITY,2
718,SALZBURG UNIVERSITY,2
718,SAN FRANCISCO STATE UNIVERSITY,2
718,SHANGHAI ACADAMY OF SOCIAL SCIENCES,2
718,SHANGHAI LIXIN UNIVERSITY OF COMMERCE,2
718,SOKA UNIVERSITY,2
718,SOONGSIL UNIVERSITY,2
718,SOUTH CHINA NORMAL UNIVERSITY,2
718,SUSQUEHANNA UNIVERSITY,2
718,SWINBURNE UNIVERSITY OF TECHNOLOGY,2
718,TAKASAKI CITY UNIVERSITY OF ECONOMICS,2
718,TAMKANG UNIVERSITY,2
718,TOKYO UNIVERSITY OF SCIENCE,2
718,UCLA ANDERSON SCHOOL OF MANAGEMENT,2
718,UNC KENAN FLAGLER BUSINESS SCHOOL,2
718,UNIVERSIDAD DE HUELVA,2
718,UNIVERSIDAD PUBLICA DE NAVARRA,2
718,UNIVERSITAT RAMON LLULL,2
718,UNIVERSITE EUROPEENNE DE BRETAGNE,2
718,UNIVERSITY DEL CEMA,2
718,UNIVERSITY OF AKRON,2
718,UNIVERSITY OF ANGERS,2
718,UNIVERSITY OF ANTIOQUIA,2
718,UNIVERSITY OF AVEIRO,2
718,UNIVERSITY OF BRADFORD,2
718,UNIVERSITY OF CAEN,2
718,UNIVERSITY OF CANBERRA,2
718,UNIVERSITY OF CASTILLA LA MANCHA,2
718,UNIVERSITY OF CATANIA,2
718,UNIVERSITY OF CENTRAL ARKANSAS,2
718,UNIVERSITY OF CINCINNATI,2
718,UNIVERSITY OF DAYTON,2
718,UNIVERSITY OF ERFURT,2
718,UNIVERSITY OF EVRY VAL D ESSONNE,2
718,"UNIVERSITY OF ILLINOIS, CHICAGO",2
718,UNIVERSITY OF JOHANNESBURG,2
718,UNIVERSITY OF LORRAINE,2
718,UNIVERSITY OF MACERATA,2
718,UNIVERSITY OF MOLISE,2
718,"UNIVERSITY OF MONTPELLIER, SUPAGRO",2
718,"UNIVERSITY OF NEVADA, LAS VEGAS",2
718,"UNIVERSITY OF NEVADA, RENO",2
718,UNIVERSITY OF NEW BRUNSWICK,2
718,UNIVERSITY OF NEW MEXICO,2
718,"UNIVERSITY OF NORTH CAROLINA, GREENSBORO",2
718,UNIVERSITY OF OSNABRUCK,2
718,UNIVERSITY OF OVIEDO,2
718,UNIVERSITY OF PARIS XIII,2
718,UNIVERSITY OF PECS,2
718,UNIVERSITY OF PERADENIYA,2
718,UNIVERSITY OF RHODE ISLAND,2
718,UNIVERSITY OF SANTIAGO DE COMPOSTELA,2
718,UNIVERSITY OF SASKATCHEWAN,2
718,UNIVERSITY OF STELLENBOSCH,2
718,UNIVERSITY OF TEXAS- PAN AMERICAN,2
718,UNIVERSITY OF THE BASQUE COUNTRY/PAIS VASCO,2
718,UNIVERSITY OF TRIESTE,2
718,UNIVERSITY OF TROMSO,2
718,UNIVERSITY OF VAASA,2
718,UNIVERSITY OF VALLADOLID,2
718,UNIVERSITY OF WALES TRINITY ST DAVID,2
718,"UNIVERSITY OF WISCONSIN, WHITEWATER",2
718,WASHINGTON & LEE UNIVERSITY,2
718,WESLEYAN UNIVERSITY,2
718,WESTERN KENTUCKY UNIVERSITY,2
718,WROCLAW UNIVERSITY OF TECHNOLOGY,2
718,XIAN JIAOTONG LIVERPOOL UNIVERSITY,2
718,XIAN UNIVERSITY OF TECHNOLOGY,2
718,YUNNAN UNIVERSITY OF FINANCE AND ECONOMICS,2
718,ZAYED UNIVERSITY,2
858,AALBORG UNIVERSITY,1
858,ABERYSTWYTH UNIVERSITY,1
858,ABO AKADEMIE UNIVERSITY,1
858,AJOU UNIVERSITY,1
858,AKITA INTERNATIONAL UNIVERSITY,1
858,ALEXANDRU IOAN CUZA UNIVERSITY,1
858,AMERICAN UNIVERSITY BEIRUT,1
858,AMERICAN UNIVERSITY OF AFGHANISTAN,1
858,AMERICAN UNIVERSITY WASHINGTON,1
858,ANGLIA RUSKIN UNIVERSITY,1
858,ANTALYA INTERNATIONAL UNIVERSITY,1
858,ASHOKA UNIVERSITY,1
858,ATHABASCA UNIVERSITY,1
858,AUCKLAND UNIVERSITY OF TECHNOLOGY,1
858,AUSTRALIAN CATHOLIC UNIVERSITY,1
858,AZERBAIJAN DIPLOMAT ACADEMY UNIVERSITY,1
858,BABES-BOLYAI UNIVERSITY,1
858,BALL STATE UNIVERSITY,1
858,BARRY UNIVERSITY,1
858,BEMIDJI STATE UNIVERSITY,1
858,BERRY COLLEGE,1
858,BOND UNIVERSITY,1
858,BRYANT UNIVERSITY,1
858,BUCHAREST UNIVERSITY OF ECONOMIC STUDIES,1
858,"CALIFORNIA STATE UNIVERSITY, HAYWARD",1
858,"CALIFORNIA STATE UNIVERSITY, LONG BEACH",1
858,"CALIFORNIA STATE UNIVERSITY, LOS ANGELES",1
858,CAN THO UNIVERSITY,1
858,CANKAYA UNIVERSITY,1
858,CAPITAL NORMAL UNIVERSITY,1
858,CARNEGIE MELLON UNIVERSITY QATAR,1
858,CATHOLIC UNIVERSITY OF BRASILIA,1
858,CATHOLIC UNIVERSITY OF EICHSTATT-INGOLSTADT,1
858,CATHOLIC UNIVERSITY OF LILLE,1
858,CENTRAL UNIVERSITY OF VENEZUELA,1
858,CHARLES STURT UNIVERSITY,1
858,CHIBA KEIZAI UNIVERSITY,1
858,CHONNAM NATIONAL UNIVERSITY,1
858,CHOSUN UNIVERSITY,1
858,CHUNG YUAN CHRISTIAN UNIVERSITY,1
858,CHUNGBUK NATIONAL UNIVERSITY,1
858,COLEGIO UNIVERSITARIO ESTUDIOS FINANCIEROS,1
858,COLLEGE OF MEXICO,1
858,CREIGHTON UNIVERSITY,1
858,"CUNY, CITY COLLEGE",1
858,DAITO BUNKA UNIVERSITY,1
858,DALARNA UNIVERSITY,1
858,DAVIDSON COLLEGE,1
858,DICKINSON COLLEGE,1
858,DMITRY POZHARSKY UNIVERSITY,1
858,DONGBEI UNIVERSITY OF FINANCE AND ECONOMICS,1
858,DONGHUA UNIVERSITY,1
858,DREW UNIVERSITY,1
858,EAST CHINA UNIVERSITY OF SCIENCE AND TECHNOLOGY,1
858,ECOLE SUPERIEURE DE COMMERCE DE RENNES,1
858,EDINBORO UNIVERSITY,1
858,EINDHOVEN UNIVERSITY OF TECHNOLOGY,1
858,ENSAE PARISTECH,1
858,FAIRFIELD UNIVERSITY,1
858,FEDERAL UNIVERSITY OF RIO DE JANEIRO,1
858,FEDERICO SANTA MARIA TECHNICAL UNIVERSITY,1
858,FITCHBURG STATE UNIVERSITY,1
858,FLINDERS UNIVERSITY OF SOUTH AUSTRALIA,1
858,FOREIGN TRADE UNIVERSITY,1
858,FRANCISCO MARROQUIN UNIVERSITY,1
858,FUKUSHIMA UNIVERSITY,1
858,FUTURE UNIVERSITY HAKODATE,1
858,FUZHOU UNIVERSITY,1
858,G. DANNUNZIO UNIVERSITY,1
858,GEDIZ UNIVERSITY,1
858,GUANGDONG UNIVERSITY OF TECHNOLOGY,1
858,HACETTEPE UNIVERSITY,1
858,HANDONG GLOBAL UNIVERSITY,1
858,HANGZHOU DIANZI UNIVERSITY,1
858,HIGH POINT UNIVERSITY,1
858,HOKKAI GAKUEN UNIVERSITY,1
858,HONGIK UNIVERSITY,1
858,HOSEO UNIVERSITY,1
858,IMT INSTITUTE FOR ADVANCED STUDIES LUCCA,1
858,INTERNATIONAL UNIVERSITY OF JAPAN,1
858,ISHINOMAKI SENSHU UNIVERSITY,1
858,ISTANBUL MEDENIYET UNIVERSITESI,1
858,JILIN UNIVERSITY,1
858,JOHN CABOT UNIVERSITY,1
858,KANAGAWA UNIVERSITY,1
858,KANTO GAKUIN UNIVERSITY,1
858,KARLSTAD UNIVERSITY,1
858,KASETSART UNIVERSITY,1
858,KENNESAW STATE UNIVERSITY,1
858,KING ABDULAZIZ UNIVERSITY,1
858,KOCHI UNIVERSITY,1
858,KONGJU NATIONAL UNIVERSITY,1
858,KONKUK UNIVERSITY,1
858,KURUME UNIVERSITY,1
858,KYOTO SANGYO UNIVERSITY,1
858,KYUNGPOOK NATIONAL UNIVERSITY,1
858,LEBANESE AMERICAN UNIVERSITY,1
858,LOBACHEVSKY STATE UNIVERSITY,1
858,LOMONOSOV MOSCOW STATE UNIVERSITY,1
858,LONDON METROPOLITAN UNIVERSITY,1
858,LUISS SCHOOL OF EUROPEAN POLITICAL ECONOMY,1
858,MAX STERN YEZREEL VALLEY COLLEGE,1
858,MEIJI GAKUIN UNIVERSITY,1
858,MEISEI UNIVERSITY,1
858,MICHIGAN TECHNOLOGICAL UNIVERSITY,1
858,MING CHUAN UNIVERSITY,1
858,MISSOURI UNIVERSITY OF SCIENCE AND TECHNOLOGY,1
858,MONTCLAIR STATE UNIVERSITY,1
858,MORGAN STATE UNIVERSITY,1
858,MOUNT ALLISON UNIVERSITY,1
858,MYONGJI UNIVERSITY,1
858,NATIONAL CHI NAN UNIVERSITY,1
858,NATIONAL CHUNG HSING UNIVERSITY,1
858,NATIONAL TECHNICAL UNIVERSITY OF ATHENS,1
858,"NATIONAL UNIVERSITY OF IRELAND, MAYNOOTH",1
858,"NATIONAL UNIVERSITY OF IRELAND, UNIVERSITY COLLEGE CORK",1
858,NIIGATA UNIVERSITY,1
858,NORTH CHINA ELECTRIC POWER UNIVERSITY,1
858,NORTHEAST NORMAL UNIVERSITY,1
858,NORTHERN KENTUCKY UNIVERSITY,1
858,NORTHUMBRIA UNIVERSITY,1
858,NORTHWEST MISSOURI STATE UNIVERSITY,1
858,NORTHWEST UNIVERSITY,1
858,NORTHWESTERN POLYTECHNICAL UNIVERSITY,1
858,OAKLAND UNIVERSITY,1
858,OITA UNIVERSITY,1
858,OLD DOMINION UNIVERSITY,1
858,OPEN UNIVERSITY HONG KONG,1
858,OTARU UNIVERSITY,1
858,PACE UNIVERSITY,1
858,PARTHENOPE UNIVERSITY OF NAPLES,1
858,PONTIFICAL CATHOLIC UNIVERSITY OF VALPARAISO,1
858,POZNAN UNIVERSITY OF ECONOMICS,1
858,QATAR UNIVERSITY,1
858,QUINNIPIAC UNIVERSITY,1
858,REYKJAVIK UNIVERSITY,1
858,ROMANIAN ACADEMY OF SCIENCES,1
858,RUSSIAN ACADEMY OF SCIENCES,1
858,SAM HOUSTON STATE UNIVERSITY,1
858,SAPIENTIA UNIVERSITY,1
858,SCRIPPS COLLEGE,1
858,SEATTLE UNIVERSITY,1
858,SEIKEI UNIVERSITY,1
858,SETON HALL UNIVERSITY,1
858,SHANGHAI FINANCE UNIVERSITY,1
858,SHANGHAI UNIVERSITY,1
858,SHARIF UNIVERSITY OF TECHNOLOGY,1
858,SHAWNEE STATE UNIVERSITY,1
858,SHIH CHIEN UNIVERSITY,1
858,SICHUAN UNIVERSITY,1
858,SINGAPORE UNIVERSITY OF TECHNOLOGY AND DESIGN,1
858,ST ANNA SCHOOL OF ADVANCED SCIENCES,1
858,ST CATHERINE UNIVERSITY,1
858,ST FRANCIS XAVIER UNIVERSITY,1
858,ST JOHNS UNIVERSITY,1
858,STEINBEIS UNIVERSITY BERLIN,1
858,SULTAN QABOOS UNIVERSITY,1
858,SUNGSHIN WOMENS UNIVERSITY,1
858,"SUNY, PLATTSBURGH",1
858,"SUNY, BROCKPORT",1
858,"SUNY, OSWEGO",1
858,TEIKYO UNIVERSITY,1
858,THE OPEN UNIVERSITY,1
858,TIANJIN UNIVERSITY,1
858,TOBB UNIVERSITY OF ECONONOMICS AND TECHNOLOGY,1
858,TROY UNIVERSITY,1
858,TUSCIA UNIVERSITY,1
858,UNITED NATIONS UNIVERSITY MERIT,1
858,UNIV VALLE DAOSTA,1
858,UNIVERSIDAD AUTONOMA DE SAN LUIS POTOSI,1
858,UNIVERSIDAD DE CADIZ,1
858,UNIVERSIDAD DEL PACIFICO,1
858,UNIVERSIDADE DA MADEIRA,1
858,UNIVERSITE BORDEAUX,1
858,UNIVERSITE DE TUNIS,1
858,UNIVERSITY COLLEGE ROOSEVELT,1
858,UNIVERSITY DE LA MEDITERRANEE AIX-MARSEILLE 2,1
858,UNIVERSITY DE SAVOIE,1
858,UNIVERSITY DEL DESARROLLO,1
858,UNIVERSITY LA LAGUNA,1
858,UNIVERSITY LUISS GUIDO CARLI,1
858,UNIVERSITY NACIONAL AUTONOMA MEXICO,1
858,UNIVERSITY OF ADDIS ABABA,1
858,UNIVERSITY OF AGDER,1
858,UNIVERSITY OF ALABAMA HUNTSVILLE,1
858,UNIVERSITY OF ALGARVE,1
858,UNIVERSITY OF BALTIMORE,1
858,UNIVERSITY OF BORDEAUX,1
858,UNIVERSITY OF BOURGOGNE,1
858,UNIVERSITY OF BUCHAREST,1
858,UNIVERSITY OF BUENOS AIRES,1
858,UNIVERSITY OF BURGOS,1
858,UNIVERSITY OF CALCUTTA,1
858,UNIVERSITY OF CANTABRIA,1
858,UNIVERSITY OF CARTHAGE,1
858,UNIVERSITY OF CASSINO,1
858,UNIVERSITY OF COSTA RICA,1
858,UNIVERSITY OF DENVER,1
858,UNIVERSITY OF DHAKA,1
858,UNIVERSITY OF GREENWICH,1
858,UNIVERSITY OF GRENOBLE 1,1
858,UNIVERSITY OF GRENOBLE 2,1
858,UNIVERSITY OF GRENOBLE 3,1
858,UNIVERSITY OF HERTFORDSHIRE,1
858,UNIVERSITY OF INDONESIA,1
858,UNIVERSITY OF INSUBRIA,1
858,UNIVERSITY OF KWAZULU-NATAL,1
858,UNIVERSITY OF LA REUNION,1
858,UNIVERSITY OF LA ROCHELLE,1
858,UNIVERSITY OF LAS PALMAS GRAN CANARIA,1
858,UNIVERSITY OF LIMERICK,1
858,UNIVERSITY OF LIMOGES,1
858,UNIVERSITY OF LODZ,1
858,UNIVERSITY OF LOS ANDES,1
858,UNIVERSITY OF MAINE LE MANS,1
858,UNIVERSITY OF MALAWI,1
858,UNIVERSITY OF MALAYA,1
858,UNIVERSITY OF MARNE LA VALLEE,1
858,UNIVERSITY OF MARY WASHINGTON,1
858,"UNIVERSITY OF MASSACHUSETTS, DARTMOUTH",1
858,"UNIVERSITY OF MINNESOTA, MORRIS",1
858,UNIVERSITY OF MONTESQUIEU BORDEAUX-IV,1
858,UNIVERSITY OF NEW ENGLAND,1
858,UNIVERSITY OF NEW HAMPSHIRE,1
858,UNIVERSITY OF NEW ORLEANS,1
858,UNIVERSITY OF NEW YORK TIRANA,1
858,"UNIVERSITY OF NORTH CAROLINA, CHARLOTTE",1
858,"UNIVERSITY OF NORTH CAROLINA, WILMINGTON",1
858,UNIVERSITY OF NORTH TEXAS,1
858,"UNIVERSITY OF NOTTINGHAM, MALAYSIA",1
858,UNIVERSITY OF ORADEA,1
858,"UNIVERSITY OF OXFORD, CHRIST CHURCH",1
858,"UNIVERSITY OF OXFORD, HERTFORD COLLEGE",1
858,"UNIVERSITY OF OXFORD, ST JOHNS COLLEGE",1
858,UNIVERSITY OF PARIS V,1
858,UNIVERSITY OF PARIS VIII,1
858,UNIVERSITY OF PATRAS,1
858,UNIVERSITY OF PERPIGNAN,1
858,UNIVERSITY OF PIURA,1
858,UNIVERSITY OF PLYMOUTH,1
858,"UNIVERSITY OF QUEBEC, TROIS-RIVIERES",1
858,UNIVERSITY OF REGINA,1
858,UNIVERSITY OF SALENTO,1
858,UNIVERSITY OF SCIENCE AND TECHNOLOGY BEIJING,1
858,UNIVERSITY OF SCIENCE AND TECHNOLOGY OF CHINA,1
858,UNIVERSITY OF SHANGHAI FOR SCIENCE AND TECHNOLOGY,1
858,UNIVERSITY OF SOUTH ALABAMA,1
858,UNIVERSITY OF SOUTHERN MAINE,1
858,UNIVERSITY OF TALCA,1
858,"UNIVERSITY OF TENNESSEE, KNOXVILLE",1
858,UNIVERSITY OF TERAMO,1
858,UNIVERSITY OF TEXAS,1
858,"UNIVERSITY OF TEXAS, BROWNSVILLE",1
858,"UNIVERSITY OF TEXAS, EL PASO",1
858,UNIVERSITY OF THE AEGEAN,1
858,UNIVERSITY OF THE AZORES,1
858,UNIVERSITY OF THE PHILIPPINES,1
858,UNIVERSITY OF THE SOUTH PACIFIC,1
858,UNIVERSITY OF TOLEDO,1
858,UNIVERSITY OF TULSA,1
858,UNIVERSITY OF UDINE,1
858,"UNIVERSITY OF WISCONSIN, PARKSIDE",1
858,UNIVERSITY OF ZAMBIA,1
858,VICTORIA UNIVERSITY,1
858,VILNIUS UNIVERSITY,1
858,WAKAYAMA UNIVERSITY,1
858,WEBSTER UNIVERSITY GENEVA,1
858,WESTERN GALILEE COLLEGE,1
858,WESTERN MICHIGAN UNIVERSITY,1
858,WESTERN WASHINGTON UNIVERSITY,1
858,WHITTIER COLLEGE,1
858,WILLAMETTE UNIVERSITY,1
858,WORCESTER POLYTECHNIC INSTITUTE,1
858,WRIGHT STATE UNIVERSITY,1
858,WSB UNIVERSITY POZNAN,1
858,XIAN JIAOTONG UNIVERSITY,1
858,YANGZHOU UNIVERSITY,1
858,YOUNGSTOWN STATE UNIVERSITY,1
858,YUAN ZE UNIVERSITY,1
858,ZEPPELIN UNIVERSITY,1
